filename,notes,authors,licenses,urls
body/bodies/skeleton/skeleton.png,"","bluecarrot16,Johannes Sjölund (wulax),Stephen Challener (Redshrike)","OGA-BY 3.0,CC-BY-SA 3.0,GPL 3.0","https://opengameart.org/content/liberated-pixel-cup-lpc-base-assets-sprites-map-tiles,https://opengameart.org/content/lpc-medieval-fantasy-character-sprites,https://opengameart.org/content/lpc-skeleton,https://opengameart.org/content/lpc-character-bases"
head/heads/skeleton/adult/skeleton.png,"","bluecarrot16,Johannes Sjölund (wulax),Stephen Challener (Redshrike)","OGA-BY 3.0,CC-BY-SA 3.0,GPL 3.0","https://opengameart.org/content/liberated-pixel-cup-lpc-base-assets-sprites-map-tiles,https://opengameart.org/content/lpc-medieval-fantasy-character-sprites,https://opengameart.org/content/lpc-skeleton,https://opengameart.org/content/lpc-character-bases"
eyes/human/undefined/default/blue.png,"original by Redshrike, mapped to all frames by Matthew Krohn & JaidynReiman","JaidynReiman,Matthew Krohn (makrohn),Stephen Challener (Redshrike)","OGA-BY 3.0,CC-BY-SA 3.0,GPL 3.0","https://opengameart.org/content/liberated-pixel-cup-lpc-base-assets-sprites-map-tiles"
hat/helmet/bascinet/adult/copper.png,"","bluecarrot16,ElizaWy,Sander Frenken (castelonia)","OGA-BY 3.0,CC-BY-SA 4.0,CC-BY-SA 3.0,GPL 3.0","https://opengameart.org/content/lpc-realistic-helmet-pack,https://opengameart.org/content/lpc-helmets-mega-pack,https://opengameart.org/content/lpc-expanded-hats-facial-helmets"
shoulders/plate/male/copper.png,"recolors, adapted to v3 bases by bluecarrot16","bluecarrot16,Johannes Sjölund (wulax)","OGA-BY 3.0,CC-BY-SA 3.0,GPL 3.0","https://opengameart.org/content/lpc-medieval-fantasy-character-sprites,http://opengameart.org/content/lpc-clothing-updates"
arms/armour/plate/male/copper.png,"original by wulax, recolors by bigbeargames; adapted to v3 bases and further recolors by bluecarrot16","Michael Whitlock (bigbeargames),Matthew Krohn (makrohn),Johannes Sjölund (wulax)","OGA-BY 3.0,CC-BY-SA 3.0,GPL 3.0","https://opengameart.org/content/lpc-medieval-fantasy-character-sprites,http://opengameart.org/content/lpc-clothing-updates"
arms/gloves/male/copper.png,"metal gloves by wulax, recolors by bigbeargames, adapted to v3 bases by bluecarrot16, added to expanded animations by JaidynReiman","Michael Whitlock (bigbeargames),Matthew Krohn (makrohn),Johannes Sjölund (wulax),bluecarrot16,JaidynReiman","OGA-BY 3.0,CC-BY-SA 3.0,GPL 3.0","https://opengameart.org/content/lpc-medieval-fantasy-character-sprites,http://opengameart.org/content/lpc-clothing-updates"
torso/armour/plate/male/copper.png,"original by wulax, recolor by bigbeargames, color reduced to 7 colors and adapted to v3 bases by bluecarrot16, run/jump/sit/climb/revised combat by JaidynReiman","JaidynReiman, bluecarrot16, Michael Whitlock (bigbeargames), Johannes Sjölund (wulax)","OGA-BY 3.0,CC-BY-SA 3.0,GPL 3.0","https://opengameart.org/content/lpc-medieval-fantasy-character-sprites,https://opengameart.org/content/lpc-combat-armor-for-women"
legs/armour/plate/male/copper.png,"reduced to 7 colors an adapted to v3 bases by bluecarrot16, climb/jump/sit/emotes by JaidynReiman","bluecarrot16,JaidynReiman,Michael Whitlock (bigbeargames),Matthew Krohn (makrohn),Johannes Sjölund (wulax)","OGA-BY 3.0,CC-BY-SA 3.0,GPL 3.0","https://opengameart.org/content/lpc-medieval-fantasy-character-sprites"
feet/armour/plate/male/copper.png,"original by wulax, recolors by bigbeargames, edits for v3 base and recolors by bluecarrot16","Matthew Krohn (makrohn),Johannes Sjölund (wulax)","OGA-BY 3.0,CC-BY-SA 3.0,GPL 3.0","https://opengameart.org/content/lpc-medieval-fantasy-character-sprites"
weapon/sword/longsword/longsword.png,"","Johannes Sjölund (wulax),bluecarrot16","OGA-BY 3.0,CC-BY-SA 3.0","https://opengameart.org/content/lpc-medieval-fantasy-character-sprites,https://opengameart.org/content/lpc-extended-weapon-animations"
weapon/sword/longsword/universal_behind/longsword.png,"","Johannes Sjölund (wulax),bluecarrot16","OGA-BY 3.0,CC-BY-SA 3.0","https://opengameart.org/content/lpc-medieval-fantasy-character-sprites,https://opengameart.org/content/lpc-extended-weapon-animations"
weapon/sword/longsword/attack_slash/behind/longsword.png,"","Johannes Sjölund (wulax),bluecarrot16","OGA-BY 3.0,CC-BY-SA 3.0","https://opengameart.org/content/lpc-medieval-fantasy-character-sprites,https://opengameart.org/content/lpc-extended-weapon-animations"
weapon/sword/longsword/attack_slash/longsword.png,"","Johannes Sjölund (wulax),bluecarrot16","OGA-BY 3.0,CC-BY-SA 3.0","https://opengameart.org/content/lpc-medieval-fantasy-character-sprites,https://opengameart.org/content/lpc-extended-weapon-animations"
weapon/sword/longsword/attack_slash_reverse/behind/longsword.png,"","Johannes Sjölund (wulax),bluecarrot16","OGA-BY 3.0,CC-BY-SA 3.0","https://opengameart.org/content/lpc-medieval-fantasy-character-sprites,https://opengameart.org/content/lpc-extended-weapon-animations"
weapon/sword/longsword/attack_slash_reverse/longsword.png,"","Johannes Sjölund (wulax),bluecarrot16","OGA-BY 3.0,CC-BY-SA 3.0","https://opengameart.org/content/lpc-medieval-fantasy-character-sprites,https://opengameart.org/content/lpc-extended-weapon-animations"
weapon/sword/longsword/attack_thrust/behind/longsword.png,"","Johannes Sjölund (wulax),bluecarrot16","OGA-BY 3.0,CC-BY-SA 3.0","https://opengameart.org/content/lpc-medieval-fantasy-character-sprites,https://opengameart.org/content/lpc-extended-weapon-animations"
weapon/sword/longsword/attack_thrust/longsword.png,"","Johannes Sjölund (wulax),bluecarrot16","OGA-BY 3.0,CC-BY-SA 3.0","https://opengameart.org/content/lpc-medieval-fantasy-character-sprites,https://opengameart.org/content/lpc-extended-weapon-animations"
